state,year,tax millions outflow,cash millions intake,per capita outflow,state rank outflow,per capita intake,state rank intake,intake to outflow ratio,state rank ratio
Alabama,1981,7356,9361,1880,47,2393,22,1.29,7
Alabama,1982,7494,9933,1910,47,2532,23,1.30,7
Alabama,1983,7415,10813,1886,44,2750,23,1.29,10
Alabama,1984,8259,11444,2092,43,2899,26,1.29,9
Alabama,1985,9142,12469,2304,42,3143,22,1.28,12
Alabama,1986,9377,13097,2352,39,3285,25,1.31,13
Alabama,1987,10280,13927,2564,40,3474,20,1.36,9
Alabama,1988,10866,14354,2702,40,3569,19,1.36,9
Alabama,1989,11903,15131,2955,39,3756,17,1.33,11
Alabama,1990,12440,17358,3075,41,4291,12,1.41,6
Alabama,1991,13111,18671,3208,40,4569,14,1.37,7
Alabama,1992,13708,20550,3311,39,4963,14,1.39,7
Alabama,1993,14631,21227,3484,41,5055,14,1.35,10
Alabama,1994,16039,22160,3775,40,5216,14,1.34,10
Alabama,1995,17258,22795,4025,39,5316,13,1.31,8
Alabama,1996,18191,23548,4208,40,5448,14,1.33,9
Alabama,1997,19282,24650,4424,40,5655,14,1.37,8
Alabama,1998,20379,25347,4636,41,5767,15,1.39,8
Alabama,1999,21260,26904,4806,42,6082,11,1.43,9
Alabama,2000,22496,29250,5059,43,6578,8,1.50,7
Alabama,2001,22211,31735,4977,46,7111,10,1.54,7
Alabama,2002,21201,34292,4738,42,7663,9,1.58,7
Alabama,2003,20493,36871,4564,41,8211,9,1.65,6
Alabama,2004,21554,39047,4777,41,8654,9,1.67,5
Alabama,2005,24675,42061,5434,42,9263,9,1.66,7
Alaska,1981,1839,2073,4415,1,4977,1,1.10,18
Alaska,1982,2063,1937,4669,1,4384,1,0.85,41
Alaska,1983,2063,2060,4309,1,4303,2,0.78,45
Alaska,1984,2193,2321,4321,1,4574,1,0.91,36
Alaska,1985,2300,2531,4357,1,4795,1,0.97,33
Alaska,1986,2159,2719,3988,3,5023,1,1.13,23
Alaska,1987,2254,2846,4169,4,5265,2,1.24,16
Alaska,1988,2295,2664,4239,7,4921,4,1.16,22
Alaska,1989,2638,3160,4832,3,5789,1,1.21,20
Alaska,1990,2871,3280,5203,3,5945,1,1.11,23
Alaska,1991,2927,3752,5171,3,6629,1,1.18,20
Alaska,1992,2937,4124,5027,3,7060,1,1.26,14
Alaska,1993,3085,4632,5169,6,7762,1,1.38,8
Alaska,1994,3311,4497,5496,6,7466,1,1.30,12
Alaska,1995,3410,4230,5644,8,7002,3,1.21,17
Alaska,1996,3520,4378,5793,9,7206,3,1.27,15
Alaska,1997,3711,4644,6065,13,7590,2,1.34,10
Alaska,1998,3890,4769,6292,17,7714,3,1.36,11
Alaska,1999,3987,5291,6393,18,8485,1,1.48,6
Alaska,2000,4306,5963,6869,17,9513,1,1.57,5
Alaska,2001,4374,6417,6931,16,10169,1,1.57,6
Alaska,2002,4229,7562,6623,16,11844,1,1.74,4
Alaska,2003,4077,7944,6311,16,12298,1,1.79,3
Alaska,2004,4226,8445,6456,18,12902,1,1.84,2
Alaska,2005,4830,9230,7299,18,13950,1,1.84,3
Arizona,1981,6504,7014,2333,33,2516,18,1.14,15
Arizona,1982,6631,7728,2311,34,2693,15,1.19,14
Arizona,1983,6551,8171,2221,34,2771,22,1.14,19
Arizona,1984,7544,9175,2479,28,3016,17,1.18,17
Arizona,1985,8653,10039,2743,26,3183,20,1.13,19
Arizona,1986,9376,11403,2861,26,3480,16,1.18,19
Arizona,1987,10508,12561,3086,29,3689,13,1.25,13
Arizona,1988,11175,12248,3183,30,3489,22,1.18,21
Arizona,1989,12047,13510,3346,35,3752,18,1.22,17
Arizona,1990,12410,15154,3383,34,4131,14,1.29,13
Arizona,1991,12892,15618,3426,35,4151,29,1.20,19
Arizona,1992,13425,16767,3457,35,4317,32,1.17,19
Arizona,1993,14730,18618,3657,36,4622,29,1.20,19
Arizona,1994,16802,18809,4000,35,4478,35,1.11,20
Arizona,1995,18666,20906,4256,35,4767,30,1.13,21
Arizona,1996,20793,21951,4571,35,4826,29,1.11,21
Arizona,1997,23054,22282,4906,35,4741,32,1.08,22
Arizona,1998,25491,24120,5259,35,4977,31,1.10,23
Arizona,1999,27402,27075,5493,33,5427,27,1.16,21
Arizona,2000,30259,29282,5897,33,5707,26,1.17,21
Arizona,2001,29838,30416,5665,34,5775,32,1.14,24
Arizona,2002,28315,34761,5235,37,6426,29,1.20,23
Arizona,2003,27781,37801,5007,38,6813,26,1.22,21
Arizona,2004,30521,41979,5350,35,7359,24,1.23,20
Arizona,2005,35988,44639,6099,31,7564,25,1.19,21
Arkansas,1981,4039,4900,1764,49,2139,37,1.25,8
Arkansas,1982,4138,5273,1804,49,2299,33,1.28,9
Arkansas,1983,4052,6095,1759,49,2647,27,1.37,7
Arkansas,1984,4516,6088,1950,49,2628,34,1.28,10
Arkansas,1985,4912,6873,2112,49,2956,31,1.35,10
Arkansas,1986,5040,7179,2162,48,3080,29,1.38,9
Arkansas,1987,5490,7316,2346,48,3127,32,1.37,8
Arkansas,1988,5834,7485,2490,48,3195,35,1.34,12
Arkansas,1989,6293,7987,2683,48,3405,34,1.34,10
Arkansas,1990,6540,8375,2778,48,3558,36,1.32,11
Arkansas,1991,6901,9166,2904,48,3857,35,1.29,11
Arkansas,1992,7330,10124,3044,48,4205,35,1.28,13
Arkansas,1993,7915,10893,3236,48,4453,32,1.29,14
Arkansas,1994,8808,11308,3545,48,4551,30,1.25,16
Arkansas,1995,9550,11768,3782,45,4660,32,1.22,16
Arkansas,1996,10121,12164,3949,47,4746,30,1.24,17
Arkansas,1997,10600,12593,4087,48,4855,30,1.29,15
Arkansas,1998,11289,13041,4309,47,4978,30,1.31,14
Arkansas,1999,11788,13706,4456,47,5181,33,1.33,13
Arkansas,2000,12539,14847,4693,47,5557,29,1.39,13
Arkansas,2001,12402,16659,4613,48,6197,24,1.46,11
Arkansas,2002,11944,18372,4420,48,6798,21,1.51,9
Arkansas,2003,11638,18340,4280,48,6744,28,1.43,14
Arkansas,2004,12223,19489,4459,47,7110,28,1.45,13
Arkansas,2005,13926,20387,5030,47,7364,30,1.41,14
California,1981,69956,69416,2896,7,2873,11,1.04,26
California,1982,72100,77501,2921,7,3139,8,1.08,21
California,1983,71008,86364,2815,8,3424,10,1.08,23
California,1984,80129,91713,3115,8,3565,9,1.08,23
California,1985,89735,97814,3413,7,3720,11,1.03,27
California,1986,95626,100860,3550,9,3744,12,0.99,30
California,1987,108831,100753,3942,8,3649,14,0.94,35
California,1988,117924,102366,4168,9,3618,17,0.91,39
California,1989,129221,109125,4451,9,3759,16,0.90,42
California,1990,135497,117636,4551,10,3951,22,0.89,39
California,1991,137071,128639,4517,12,4240,23,0.89,39
California,1992,137581,141913,4460,13,4600,21,0.93,37
California,1993,143298,149383,4593,13,4788,21,0.95,33
California,1994,152768,153952,4860,16,4898,23,0.98,32
California,1995,163140,153831,5156,15,4861,27,0.94,38
California,1996,177479,156075,5557,14,4887,27,0.93,38
California,1997,195099,160884,6027,14,4970,26,0.92,37
California,1998,213694,161909,6503,13,4927,32,0.90,39
California,1999,235772,168676,7065,11,5055,34,0.87,41
California,2000,276393,175967,8158,7,5194,35,0.81,44
California,2001,265608,188758,7718,9,5485,36,0.82,42
California,2002,241625,206417,6922,10,5914,37,0.82,42
California,2003,233626,219706,6608,11,6214,37,0.79,43
California,2004,250373,232387,7004,11,6501,34,0.78,43
California,2005,289627,242023,8028,9,6709,38,0.78,43
Colorado,1981,8222,7481,2776,12,2526,16,0.94,34
Colorado,1982,8693,7960,2859,11,2618,18,0.90,37
Colorado,1983,8371,8902,2687,12,2857,17,0.91,33
Colorado,1984,9215,9165,2915,12,2899,25,0.91,35
Colorado,1985,10004,9796,3127,12,3062,24,0.91,38
Colorado,1986,10158,11496,3145,17,3559,14,1.06,27
Colorado,1987,10933,12301,3359,20,3779,12,1.15,21
Colorado,1988,11366,12970,3485,20,3977,10,1.19,20
Colorado,1989,12395,14163,3788,20,4328,10,1.21,19
Colorado,1990,13083,14800,3965,19,4485,10,1.16,20
Colorado,1991,13938,16651,4139,17,4945,10,1.15,22
Colorado,1992,14828,17333,4275,16,4997,13,1.06,26
Colorado,1993,16390,18317,4573,15,5110,12,1.02,28
Colorado,1994,18343,18950,4962,12,5126,15,1.00,30
Colorado,1995,19947,19062,5248,13,5015,24,0.95,34
Colorado,1996,21898,20011,5620,13,5135,22,0.96,35
Colorado,1997,24300,19629,6084,12,4915,28,0.91,39
Colorado,1998,27397,21043,6695,10,5142,26,0.91,37
Colorado,1999,30048,21940,7157,10,5225,31,0.88,38
Colorado,2000,34663,22929,8057,8,5330,32,0.84,42
Colorado,2001,34320,24377,7794,8,5536,35,0.82,41
Colorado,2002,31215,26230,6964,9,5852,38,0.80,44
Colorado,2003,29326,28874,6467,15,6368,32,0.84,39
Colorado,2004,30894,30060,6738,15,6556,33,0.83,40
Colorado,2005,35880,31173,7721,15,6708,39,0.81,41
Connecticut,1981,10713,10411,3429,2,3332,6,1.01,29
Connecticut,1982,11070,12306,3530,2,3924,3,1.10,18
Connecticut,1983,10887,12105,3449,2,3835,7,0.96,30
Connecticut,1984,12105,12791,3812,2,4028,7,0.98,29
Connecticut,1985,13511,13452,4228,2,4209,7,0.92,37
Connecticut,1986,14605,13491,4539,1,4192,8,0.84,44
Connecticut,1987,16896,13600,5213,1,4196,8,0.81,45
Connecticut,1988,18178,13770,5566,1,4216,8,0.79,46
Connecticut,1989,19468,15817,5934,1,4821,6,0.86,43
Connecticut,1990,19537,14782,5939,1,4493,9,0.78,45
Connecticut,1991,19624,16561,5946,1,5018,9,0.79,45
Connecticut,1992,20281,16062,6143,1,4865,15,0.68,49
Connecticut,1993,21632,16550,6541,1,5004,17,0.66,49
Connecticut,1994,23075,16366,6962,1,4938,21,0.67,50
Connecticut,1995,24939,17505,7507,1,5269,16,0.68,50
Connecticut,1996,27112,18142,8133,1,5442,15,0.69,49
Connecticut,1997,30143,18124,9008,1,5416,17,0.67,50
Connecticut,1998,33220,19437,9883,1,5782,14,0.70,50
Connecticut,1999,34676,19644,10256,1,5810,17,0.70,49
Connecticut,2000,38828,19527,11400,1,5733,25,0.66,50
Connecticut,2001,38981,22760,11371,1,6639,15,0.67,49
Connecticut,2002,35432,25388,10265,1,7355,15,0.67,49
Connecticut,2003,33499,28595,9636,1,8226,8,0.69,46
Connecticut,2004,35296,30304,10110,1,8681,8,0.70,46
Connecticut,2005,40314,30774,11522,1,8795,13,0.69,48
Delaware,1981,1693,1500,2842,10,2517,17,0.91,39
Delaware,1982,1729,1544,2889,9,2580,21,0.87,38
Delaware,1983,1679,1569,2780,9,2598,29,0.78,44
Delaware,1984,1855,1635,3041,9,2680,32,0.80,46
Delaware,1985,2051,1723,3327,10,2794,36,0.77,47
Delaware,1986,2190,1786,3503,10,2857,42,0.74,46
Delaware,1987,2453,1822,3866,10,2871,39,0.76,46
Delaware,1988,2629,2088,4077,10,3237,31,0.84,43
Delaware,1989,2907,2140,4434,10,3264,41,0.80,46
Delaware,1990,3035,2198,4552,9,3297,42,0.75,47
Delaware,1991,3205,2457,4716,7,3615,43,0.73,49
Delaware,1992,3313,2741,4787,8,3961,41,0.73,47
Delaware,1993,3406,2866,4842,10,4074,41,0.76,45
Delaware,1994,3644,2995,5099,11,4190,40,0.80,43
Delaware,1995,3913,3310,5385,10,4555,34,0.85,41
Delaware,1996,4258,3408,5769,10,4617,36,0.85,42
Delaware,1997,4693,3470,6267,10,4634,36,0.84,43
Delaware,1998,5081,3556,6682,11,4677,38,0.85,43
Delaware,1999,5223,3816,6765,15,4943,35,0.89,37
Delaware,2000,5825,3962,7434,14,5056,39,0.88,38
Delaware,2001,5762,4248,7265,15,5355,40,0.85,40
Delaware,2002,5530,4766,6886,13,5935,35,0.83,40
Delaware,2003,5392,5061,6624,9,6217,36,0.79,44
Delaware,2004,5736,5253,6947,12,6361,39,0.77,44
Delaware,2005,6622,5495,7898,13,6553,41,0.77,44
Florida,1981,25871,26385,2562,17,2613,13,1.11,16
Florida,1982,27160,29368,2611,18,2823,12,1.14,16
Florida,1983,27372,32577,2563,17,3050,12,1.11,20
Florida,1984,31183,33223,2843,16,3029,16,1.05,26
Florida,1985,35150,37384,3118,13,3316,15,1.07,23
Florida,1986,38664,39537,3336,12,3412,18,1.01,29
Florida,1987,43322,41398,3636,12,3474,19,1.04,29
Florida,1988,46856,42997,3832,13,3516,20,1.02,29
Florida,1989,52360,46871,4171,13,3733,20,1.03,30
Florida,1990,54358,51587,4203,15,3988,19,1.06,30
Florida,1991,55369,56933,4168,16,4285,18,1.07,26
Florida,1992,57299,63446,4219,17,4672,19,1.08,24
Florida,1993,62031,69389,4476,17,5007,16,1.10,23
Florida,1994,68042,70153,4805,18,4954,18,1.06,25
Florida,1995,73690,75000,5095,17,5186,19,1.07,24
Florida,1996,81237,79614,5498,15,5389,16,1.08,23
Florida,1997,89537,82645,5928,15,5472,15,1.07,23
Florida,1998,97709,83708,6340,16,5432,22,1.05,27
Florida,1999,103168,87716,6575,16,5590,20,1.06,28
Florida,2000,113345,92882,7094,16,5813,23,1.08,26
Florida,2001,112232,100096,6894,17,6149,27,1.04,31
Florida,2002,106278,104826,6402,18,6315,32,0.99,33
Florida,2003,101650,113341,6012,18,6704,29,1.00,32
Florida,2004,113842,121934,6592,16,7060,29,0.96,34
Florida,2005,135146,134544,7649,16,7615,23,0.97,34
Georgia,1981,11392,12197,2054,38,2199,33,1.08,21
Georgia,1982,11957,13234,2124,37,2351,31,1.07,24
Georgia,1983,12118,14802,2123,36,2593,31,1.05,26
Georgia,1984,13819,15914,2379,34,2740,30,1.04,27
Georgia,1985,15770,17546,2659,29,2958,30,1.01,28
Georgia,1986,16993,18506,2807,29,3057,31,0.98,31
Georgia,1987,19199,19166,3108,27,3103,34,0.99,31
Georgia,1988,20589,18451,3274,26,2934,43,0.92,38
Georgia,1989,22307,20149,3492,29,3155,42,0.94,36
Georgia,1990,23288,21218,3590,29,3271,43,0.91,37
Georgia,1991,24282,24015,3669,29,3629,42,0.92,37
Georgia,1992,25432,28673,3753,31,4231,33,1.00,32
Georgia,1993,27783,30377,4005,29,4378,35,0.98,32
Georgia,1994,30885,32020,4342,28,4502,34,0.99,31
Georgia,1995,33727,33414,4629,26,4586,33,0.96,33
Georgia,1996,36919,34857,4950,24,4674,34,0.97,32
Georgia,1997,40237,35930,5267,23,4703,33,0.97,32
Georgia,1998,44335,37213,5670,24,4759,37,0.97,33
Georgia,1999,47227,39415,5903,24,4927,37,0.98,33
Georgia,2000,51779,42525,6326,25,5196,34,1.00,33
Georgia,2001,51376,47376,6134,25,5656,34,1.02,33
Georgia,2002,48105,51336,5623,26,6001,34,1.02,31
Georgia,2003,45863,51910,5264,29,5958,42,0.98,34
Georgia,2004,48708,55153,5480,28,6205,41,0.98,33
Georgia,2005,55952,59846,6160,29,6589,40,1.01,32
Hawaii,1981,2545,3811,2610,16,3908,2,1.54,3
Hawaii,1982,2576,3505,2602,19,3541,6,1.35,6
Hawaii,1983,2538,4054,2518,19,4022,4,1.46,5
Hawaii,1984,2772,4232,2706,21,4132,5,1.46,4
Hawaii,1985,3031,4568,2923,23,4406,6,1.46,6
Hawaii,1986,3247,4643,3096,19,4427,5,1.37,11
Hawaii,1987,3696,4759,3474,17,4473,6,1.31,12
Hawaii,1988,4032,4957,3744,16,4603,5,1.27,14
Hawaii,1989,4637,5571,4251,12,5107,5,1.25,15
Hawaii,1990,5157,5634,4651,8,5081,5,1.10,24
Hawaii,1991,5288,6198,4675,9,5480,5,1.11,23
Hawaii,1992,5301,6636,4597,11,5755,5,1.13,21
Hawaii,1993,5553,7283,4749,12,6229,5,1.22,17
Hawaii,1994,5810,7644,4908,14,6457,5,1.29,13
Hawaii,1995,5940,7450,4973,19,6237,5,1.26,15
Hawaii,1996,6062,7990,5043,23,6647,5,1.38,7
Hawaii,1997,6315,8159,5221,27,6745,5,1.41,7
Hawaii,1998,6488,8449,5342,32,6958,5,1.47,6
Hawaii,1999,6705,8660,5534,32,7148,5,1.48,7
Hawaii,2000,7314,9036,6036,30,7458,6,1.46,8
Hawaii,2001,7117,9729,5838,30,7981,6,1.49,9
Hawaii,2002,6847,10475,5565,27,8514,6,1.50,10
Hawaii,2003,6879,11269,5536,24,9069,5,1.49,12
Hawaii,2004,7362,12187,5862,21,9704,5,1.51,10
Hawaii,2005,8519,12699,6709,20,10001,6,1.44,12
Idaho,1981,1915,1974,1998,39,2059,40,1.08,22
Idaho,1982,1886,2176,1943,46,2241,37,1.17,15
Idaho,1983,1824,2399,1861,47,2448,35,1.19,14
Idaho,1984,2023,2496,2046,46,2525,39,1.18,18
Idaho,1985,2182,2869,2197,46,2889,33,1.27,13
Idaho,1986,2208,3005,2228,47,3032,32,1.31,12
Idaho,1987,2395,3164,2428,46,3208,27,1.36,10
Idaho,1988,2569,3407,2606,44,3457,24,1.39,8
Idaho,1989,2865,3776,2888,44,3806,15,1.39,6
Idaho,1990,3071,3823,3047,42,3793,28,1.28,14
Idaho,1991,3266,4322,3159,43,4180,26,1.29,13
Idaho,1992,3509,4741,3297,41,4455,28,1.25,15
Idaho,1993,3885,4871,3533,39,4430,34,1.17,20
Idaho,1994,4320,4958,3803,39,4364,36,1.12,19
Idaho,1995,4679,5301,4001,40,4534,36,1.14,20
Idaho,1996,5036,5489,4208,39,4587,37,1.15,19
Idaho,1997,5356,5591,4383,41,4575,38,1.16,19
Idaho,1998,5656,5978,4538,44,4796,36,1.22,19
Idaho,1999,6146,6207,4840,40,4888,38,1.19,19
Idaho,2000,6955,7012,5376,38,5420,31,1.22,19
Idaho,2001,6688,7541,5082,39,5730,33,1.25,17
Idaho,2002,6248,8378,4668,44,6259,33,1.32,16
Idaho,2003,6138,8654,4508,44,6356,33,1.28,19
Idaho,2004,6620,8968,4771,42,6462,36,1.23,21
Idaho,2005,7728,9598,5440,41,6756,36,1.21,20
Illinois,1981,33134,22620,2897,6,1978,45,0.71,50
Illinois,1982,33280,23616,2912,8,2066,45,0.70,48
Illinois,1983,31461,25983,2757,11,2277,46,0.68,49
Illinois,1984,34497,25506,3023,10,2235,48,0.66,49
Illinois,1985,37411,28405,3281,11,2491,47,0.69,49
Illinois,1986,38753,30149,3402,11,2647,46,0.70,48
Illinois,1987,43385,30947,3809,11,2717,45,0.73,48
Illinois,1988,45811,31962,4022,11,2806,46,0.74,48
Illinois,1989,49502,34543,4340,11,3029,46,0.75,48
Illinois,1990,51178,37162,4473,11,3248,45,0.74,49
Illinois,1991,52382,40942,4539,11,3548,45,0.73,48
Illinois,1992,54081,44808,4637,10,3842,45,0.72,48
Illinois,1993,57897,47801,4915,8,4058,42,0.73,46
Illinois,1994,63608,49049,5351,8,4126,42,0.74,46
Illinois,1995,68103,50889,5683,7,4246,43,0.74,47
Illinois,1996,73018,51586,6045,6,4271,45,0.75,48
Illinois,1997,79145,52874,6506,8,4346,43,0.77,46
Illinois,1998,85867,54443,7009,6,4444,43,0.78,46
Illinois,1999,89432,56646,7249,8,4591,43,0.79,46
Illinois,2000,97366,60046,7839,10,4834,43,0.81,45
Illinois,2001,94677,65144,7572,11,5210,44,0.80,46
Illinois,2002,87718,70276,6974,8,5587,43,0.77,46
Illinois,2003,82935,73020,6563,14,5779,43,0.73,45
Illinois,2004,86948,76828,6848,14,6051,45,0.74,45
Illinois,2005,99776,80778,7824,14,6334,45,0.75,45
Indiana,1981,13027,10223,2376,31,1864,49,0.81,46
Indiana,1982,12981,11072,2373,32,2024,47,0.84,43
Indiana,1983,12345,12085,2263,31,2215,48,0.83,43
Indiana,1984,13433,13037,2462,29,2389,45,0.89,38
Indiana,1985,14558,14375,2667,28,2633,44,0.92,36
Indiana,1986,14933,14374,2737,31,2635,47,0.89,38
Indiana,1987,16451,14691,3009,31,2687,47,0.91,39
Indiana,1988,17385,14807,3168,31,2699,49,0.90,40
Indiana,1989,19019,16069,3448,30,2913,49,0.90,41
Indiana,1990,19799,17031,3568,30,3069,50,0.88,40
Indiana,1991,20504,19046,3660,31,3400,49,0.88,40
Indiana,1992,21336,20179,3770,28,3565,50,0.83,41
Indiana,1993,23018,22351,4022,27,3906,47,0.87,40
Indiana,1994,25469,22044,4406,26,3814,50,0.82,41
Indiana,1995,27077,23028,4639,25,3945,49,0.84,42
Indiana,1996,28591,24250,4852,28,4115,46,0.89,40
Indiana,1997,30723,25398,5170,30,4274,44,0.92,38
Indiana,1998,33170,26157,5539,29,4368,45,0.93,35
Indiana,1999,34297,27013,5684,29,4477,45,0.94,35
Indiana,2000,36418,28743,5989,31,4727,44,0.99,34
Indiana,2001,35531,32198,5808,31,5263,43,1.02,34
Indiana,2002,33508,34200,5451,31,5563,45,0.98,34
Indiana,2003,32330,35525,5229,30,5746,46,0.95,36
Indiana,2004,33537,37918,5396,31,6101,44,0.98,32
Indiana,2005,38081,42347,6088,32,6770,35,1.05,30
Iowa,1981,7141,5031,2455,26,1729,50,0.77,48
Iowa,1982,7025,5501,2428,27,1901,50,0.82,44
Iowa,1983,6521,6549,2268,29,2278,45,0.91,32
Iowa,1984,6959,6333,2432,32,2213,50,0.89,39
Iowa,1985,7291,7645,2570,34,2695,41,1.04,24
Iowa,1986,7439,8345,2655,33,2979,35,1.11,25
Iowa,1987,8209,8881,2960,33,3202,29,1.14,22
Iowa,1988,8600,9697,3107,34,3503,21,1.21,19
Iowa,1989,9289,9871,3354,34,3563,28,1.15,23
Iowa,1990,9659,10117,3476,32,3641,34,1.10,25
Iowa,1991,9999,10403,3579,32,3724,40,1.02,29
Iowa,1992,10236,11521,3639,33,4095,36,1.05,28
Iowa,1993,10701,12249,3778,34,4325,36,1.08,26
Iowa,1994,11660,12940,4095,34,4545,32,1.09,22
Iowa,1995,12401,13008,4331,34,4543,35,1.06,26
Iowa,1996,13253,13415,4607,34,4663,35,1.08,24
Iowa,1997,14360,13542,4972,34,4689,34,1.06,24
Iowa,1998,15292,14562,5273,34,5021,29,1.12,21
Iowa,1999,15835,15708,5434,35,5391,28,1.18,20
Iowa,2000,16732,14761,5718,36,5045,41,1.11,24
Iowa,2001,16226,17420,5536,37,5943,31,1.20,21
Iowa,2002,15397,18839,5247,36,6420,30,1.21,21
Iowa,2003,14943,17550,5082,34,5969,41,1.04,30
Iowa,2004,15694,19473,5319,36,6599,32,1.11,25
Iowa,2005,17830,20345,6019,37,6867,32,1.10,24
Kansas,1981,6320,5596,2655,15,2351,25,0.92,37
Kansas,1982,6462,6587,2696,15,2748,14,1.02,26
Kansas,1983,6150,7127,2550,18,2955,14,1.02,28
Kansas,1984,6622,8157,2734,18,3368,11,1.17,19
Kansas,1985,7145,8638,2945,21,3560,12,1.16,18
Kansas,1986,7246,8757,2980,22,3602,13,1.15,21
Kansas,1987,7934,8760,3249,21,3587,15,1.14,23
Kansas,1988,8348,8995,3396,22,3660,15,1.13,24
Kansas,1989,9058,9223,3667,23,3734,19,1.08,26
Kansas,1990,9277,9606,3742,22,3875,24,1.07,28
Kansas,1991,9642,10602,3865,22,4250,21,1.07,28
Kansas,1992,9970,11413,3950,22,4522,25,1.05,27
Kansas,1993,10511,11959,4121,24,4689,27,1.06,27
Kansas,1994,11388,12400,4423,25,4816,26,1.07,24
Kansas,1995,11947,12471,4602,27,4804,28,1.05,27
Kansas,1996,12744,12359,4880,26,4733,31,1.03,28
Kansas,1997,13845,12647,5264,25,4809,31,1.02,27
Kansas,1998,14844,13453,5592,26,5068,28,1.07,24
Kansas,1999,15424,14520,5768,27,5430,26,1.12,24
Kansas,2000,16664,14282,6197,26,5311,33,1.07,30
Kansas,2001,16255,16713,6020,26,6190,25,1.15,23
Kansas,2002,15250,17496,5624,25,6452,28,1.12,24
Kansas,2003,14655,18208,5380,26,6684,30,1.10,25
Kansas,2004,15268,19131,5581,27,6994,30,1.11,24
Kansas,2005,17434,20492,6350,27,7463,28,1.12,22
Kentucky,1981,7119,7430,1942,45,2026,43,1.06,23
Kentucky,1982,7342,8034,1995,42,2183,41,1.07,23
Kentucky,1983,7017,8852,1901,43,2398,40,1.11,21
Kentucky,1984,7672,9369,2076,44,2535,38,1.13,20
Kentucky,1985,8236,9722,2229,45,2631,45,1.11,21
Kentucky,1986,8421,12516,2282,44,3392,19,1.41,7
Kentucky,1987,9261,10367,2513,43,2814,42,1.14,24
Kentucky,1988,9720,10686,2641,43,2903,44,1.14,23
Kentucky,1989,10704,12443,2910,42,3383,35,1.21,18
Kentucky,1990,11145,13711,3020,44,3716,32,1.25,16
Kentucky,1991,11602,15447,3123,44,4158,28,1.28,14
Kentucky,1992,12075,15809,3216,43,4210,34,1.20,18
Kentucky,1993,12885,16878,3390,42,4441,33,1.22,18
Kentucky,1994,14033,17349,3655,43,4518,33,1.20,18
Kentucky,1995,15004,19433,3869,43,5011,25,1.28,13
Kentucky,1996,15957,19742,4079,43,5047,25,1.28,13
Kentucky,1997,17257,21245,4375,43,5386,20,1.33,12
Kentucky,1998,18553,22467,4665,40,5649,16,1.36,10
Kentucky,1999,19359,22374,4828,41,5580,21,1.32,14
Kentucky,2000,20751,24472,5135,42,6055,17,1.38,14
Kentucky,2001,20496,25873,5045,41,6368,21,1.38,14
Kentucky,2002,19452,28880,4763,41,7072,17,1.45,12
Kentucky,2003,18673,31153,4545,42,7583,16,1.52,9
Kentucky,2004,19434,31714,4701,44,7672,18,1.48,11
Kentucky,2005,22003,34653,5283,45,8321,18,1.51,9
Louisiana,1981,10179,10401,2386,30,2439,20,1.03,27
Louisiana,1982,10524,9889,2428,28,2281,34,0.90,36
Louisiana,1983,9836,10328,2243,33,2355,43,0.88,37
Louisiana,1984,10354,10692,2354,35,2430,43,0.93,33
Louisiana,1985,10824,12042,2457,37,2733,39,1.03,26
Louisiana,1986,10224,12372,2320,43,2807,43,1.14,22
Louisiana,1987,10604,11821,2432,45,2711,46,1.13,25
Louisiana,1988,10845,12682,2521,47,2947,42,1.21,18
Louisiana,1989,11662,14544,2736,47,3413,33,1.30,13
Louisiana,1990,12228,15330,2891,46,3625,35,1.27,15
Louisiana,1991,12941,16541,3048,46,3896,33,1.22,16
Louisiana,1992,13280,18707,3101,45,4368,30,1.29,11
Louisiana,1993,14063,20488,3262,47,4753,23,1.36,9
Louisiana,1994,15457,21470,3562,46,4947,19,1.35,8
Louisiana,1995,16508,22526,3777,46,5154,20,1.35,7
Louisiana,1996,17661,22048,4019,45,5018,26,1.29,12
Louisiana,1997,19144,23451,4336,44,5311,22,1.32,14
Louisiana,1998,20183,22951,4550,43,5174,25,1.28,16
Louisiana,1999,20162,24558,4525,46,5512,23,1.38,11
Louisiana,2000,21312,25995,4771,46,5819,22,1.42,11
Louisiana,2001,21220,27864,4753,47,6241,23,1.43,13
Louisiana,2002,20227,29990,4526,47,6711,25,1.45,13
Louisiana,2003,19242,31646,4297,47,7066,25,1.49,11
Louisiana,2004,19166,32954,4267,49,7336,25,1.57,8
Louisiana,2005,20563,39628,4565,49,8798,12,1.78,4
Maine,1981,2186,2758,1931,46,2437,21,1.30,6
Maine,1982,2248,3221,1979,44,2836,11,1.43,4
Maine,1983,2243,3076,1963,41,2692,25,1.23,13
Maine,1984,2502,3342,2170,40,2899,27,1.26,12
Maine,1985,2765,3995,2381,39,3441,13,1.38,9
Maine,1986,3012,3742,2578,35,3203,27,1.17,20
Maine,1987,3464,4109,2933,34,3479,18,1.21,17
Maine,1988,3762,4025,3137,33,3357,28,1.12,25
Maine,1989,4118,4061,3387,33,3340,38,1.05,27
Maine,1990,4149,4956,3377,35,4033,18,1.23,18
Maine,1991,4159,5647,3365,36,4570,13,1.33,10
Maine,1992,4215,6629,3405,37,5354,8,1.48,4
Maine,1993,4460,6695,3593,38,5393,9,1.42,6
Maine,1994,4840,6678,3895,37,5374,10,1.35,7
Maine,1995,5107,6649,4108,37,5348,12,1.30,9
Maine,1996,5412,6819,4338,37,5465,13,1.32,11
Maine,1997,5910,7250,4715,36,5785,10,1.33,11
Maine,1998,6364,7472,5058,36,5939,9,1.33,13
Maine,1999,6596,7456,5215,37,5895,15,1.30,15
Maine,2000,7420,7853,5820,34,6160,16,1.26,18
Maine,2001,7389,8189,5754,32,6377,20,1.23,20
Maine,2002,6924,9205,5350,33,7112,16,1.30,17
Maine,2003,6610,9966,5067,36,7639,15,1.37,15
Maine,2004,6836,10865,5210,38,8280,12,1.44,14
Maine,2005,7728,11365,5868,38,8629,15,1.41,13
Maryland,1981,12197,14362,2868,9,3377,5,1.19,13
Maryland,1982,12526,15505,2928,6,3625,5,1.21,12
Maryland,1983,12334,18036,2865,5,4189,3,1.30,8
Maryland,1984,14111,18783,3242,4,4316,3,1.23,14
Maryland,1985,15550,20807,3533,4,4728,3,1.25,14
Maryland,1986,16424,21686,3675,6,4853,3,1.23,15
Maryland,1987,18551,23186,4081,7,5100,3,1.25,14
Maryland,1988,19978,23745,4310,6,5123,3,1.22,16
Maryland,1989,21954,25041,4661,6,5317,3,1.18,21
Maryland,1990,22755,27281,4759,6,5705,4,1.21,19
Maryland,1991,23344,29811,4812,6,6146,3,1.22,17
Maryland,1992,23854,32481,4859,6,6616,3,1.25,17
Maryland,1993,25235,33829,5088,7,6821,4,1.25,15
Maryland,1994,27419,35791,5473,7,7144,2,1.27,15
Maryland,1995,28939,37089,5721,6,7332,2,1.27,14
Maryland,1996,30770,37110,6032,7,7274,2,1.25,16
Maryland,1997,33861,38869,6580,5,7553,3,1.24,16
Maryland,1998,36049,41593,6942,8,8010,2,1.30,15
Maryland,1999,37921,42339,7234,9,8077,3,1.28,16
Maryland,2000,42135,45365,7954,9,8564,3,1.27,16
Maryland,2001,42548,48244,7934,6,8996,5,1.24,18
Maryland,2002,40876,53995,7533,5,9951,4,1.28,19
Maryland,2003,39709,57646,7233,5,10500,3,1.30,18
Maryland,2004,42648,64726,7696,4,11680,3,1.37,16
Maryland,2005,49178,66720,8812,4,11956,3,1.30,18
Massachusetts,1981,15609,16575,2708,14,2875,10,1.09,20
Massachusetts,1982,16432,18015,2848,13,3122,10,1.08,22
Massachusetts,1983,16515,20252,2851,6,3496,9,1.06,25
Massachusetts,1984,18500,21422,3173,5,3674,8,1.06,25
Massachusetts,1985,20622,23167,3513,5,3946,9,1.04,25
Massachusetts,1986,22149,24937,3756,4,4229,6,1.03,28
Massachusetts,1987,25399,25513,4285,3,4304,7,1.00,30
Massachusetts,1988,27103,25079,4541,3,4202,9,0.95,34
Massachusetts,1989,28842,28474,4802,4,4740,8,1.03,29
Massachusetts,1990,28817,30257,4786,5,5025,6,1.06,29
Massachusetts,1991,29079,32487,4831,5,5397,6,1.07,27
Massachusetts,1992,29939,33700,4968,4,5592,6,1.02,31
Massachusetts,1993,32067,34852,5298,3,5758,7,0.99,31
Massachusetts,1994,34989,35290,5749,3,5798,8,0.97,33
Massachusetts,1995,37864,35822,6177,3,5844,7,0.92,39
Massachusetts,1996,41178,36136,6674,3,5857,7,0.91,39
Massachusetts,1997,45429,37086,7310,3,5968,7,0.90,40
Massachusetts,1998,49349,37208,7883,3,5943,8,0.89,40
Massachusetts,1999,53108,38820,8422,3,6156,9,0.87,39
Massachusetts,2000,63795,40860,10044,2,6433,14,0.80,46
Massachusetts,2001,62344,44221,9748,3,6914,14,0.80,44
Massachusetts,2002,55238,47484,8597,3,7390,13,0.82,43
Massachusetts,2003,51857,51265,8055,3,7963,11,0.83,40
Massachusetts,2004,54761,53120,8507,3,8252,13,0.82,42
Massachusetts,2005,63003,55830,9792,3,8677,14,0.82,40
Michigan,1981,23140,18337,2511,23,1990,44,0.81,47
Michigan,1982,22662,18738,2480,25,2050,46,0.80,46
Michigan,1983,21723,19995,2396,23,2206,49,0.76,46
Michigan,1984,24510,20298,2709,20,2243,47,0.73,48
Michigan,1985,27783,22221,3063,18,2450,48,0.71,48
Michigan,1986,29209,23402,3205,16,2567,48,0.71,47
Michigan,1987,31916,23348,3479,16,2545,50,0.74,47
Michigan,1988,33173,23651,3602,19,2568,50,0.74,47
Michigan,1989,35886,26109,3882,19,2824,50,0.77,47
Michigan,1990,36728,29433,3951,20,3166,46,0.81,44
Michigan,1991,37449,31968,3993,21,3409,48,0.80,44
Michigan,1992,38420,36137,4062,21,3820,46,0.83,42
Michigan,1993,41239,37238,4330,21,3910,46,0.80,43
Michigan,1994,46453,38635,4847,17,4031,46,0.79,45
Michigan,1995,50084,39567,5187,14,4097,47,0.77,45
Michigan,1996,52939,39633,5436,17,4070,47,0.78,44
Michigan,1997,56346,41236,5752,18,4209,47,0.82,44
Michigan,1998,60808,41986,6181,18,4268,46,0.83,44
Michigan,1999,63562,44128,6430,17,4464,46,0.84,44
Michigan,2000,67768,46851,6816,20,4713,45,0.87,40
Michigan,2001,64983,51722,6504,20,5177,45,0.90,37
Michigan,2002,60473,55910,6030,20,5575,44,0.88,38
Michigan,2003,57751,57870,5740,20,5752,44,0.85,38
Michigan,2004,58972,60488,5846,22,5997,46,0.87,38
Michigan,2005,66326,64787,6568,23,6415,43,0.92,37
Minnesota,1981,10313,8470,2513,22,2063,39,0.86,41
Minnesota,1982,10470,9019,2537,22,2185,40,0.86,39
Minnesota,1983,10078,10126,2435,21,2446,36,0.87,38
Minnesota,1984,11202,10592,2697,23,2550,37,0.88,43
Minnesota,1985,12340,11757,2954,20,2814,35,0.90,39
Minnesota,1986,13077,12431,3114,18,2960,37,0.89,39
Minnesota,1987,14672,13227,3470,18,3128,31,0.93,37
Minnesota,1988,15577,13840,3639,17,3233,32,0.94,36
Minnesota,1989,17097,14437,3951,17,3336,39,0.90,38
Minnesota,1990,17858,14954,4080,17,3416,41,0.87,41
Minnesota,1991,18486,16532,4175,15,3733,39,0.85,41
Minnesota,1992,19421,17033,4333,15,3800,48,0.77,44
Minnesota,1993,20690,18122,4556,16,3990,45,0.79,44
Minnesota,1994,22731,18641,4945,13,4055,45,0.79,44
Minnesota,1995,24504,19015,5272,12,4091,48,0.78,44
Minnesota,1996,26944,18994,5733,12,4041,48,0.76,46
Minnesota,1997,29016,20006,6108,11,4211,46,0.80,45
Minnesota,1998,31689,20440,6601,12,4257,47,0.81,45
Minnesota,1999,33483,21897,6892,13,4507,44,0.83,45
Minnesota,2000,36900,23013,7501,13,4678,47,0.83,43
Minnesota,2001,36301,24959,7300,13,5019,47,0.80,45
Minnesota,2002,33988,27056,6777,15,5394,47,0.77,45
Minnesota,2003,33352,27580,6604,12,5461,49,0.68,47
Minnesota,2004,35296,28791,6941,13,5661,49,0.68,48
Minnesota,2005,40578,31067,7928,11,6069,48,0.72,46
Mississippi,1981,4191,6477,1653,50,2555,15,1.56,2
Mississippi,1982,4314,6723,1690,50,2634,16,1.54,3
Mississippi,1983,4085,7715,1592,50,3008,13,1.73,2
Mississippi,1984,4464,8279,1733,50,3215,13,1.77,2
Mississippi,1985,4824,7807,1866,50,3019,26,1.54,4
Mississippi,1986,4876,8475,1881,50,3269,26,1.66,2
Mississippi,1987,5276,8725,2037,50,3369,25,1.67,3
Mississippi,1988,5575,9895,2159,50,3832,13,1.82,2
Mississippi,1989,6082,9343,2361,50,3627,23,1.59,3
Mississippi,1990,6308,10202,2447,50,3958,21,1.64,2
Mississippi,1991,6594,11377,2542,50,4386,16,1.67,2
Mississippi,1992,6928,13528,2647,50,5168,9,1.84,2
Mississippi,1993,7538,13085,2847,50,4943,18,1.63,2
Mississippi,1994,8455,14029,3154,50,5234,12,1.61,2
Mississippi,1995,9121,14251,3361,50,5250,17,1.54,3
Mississippi,1996,9621,15184,3509,50,5538,11,1.61,2
Mississippi,1997,10247,15091,3700,50,5448,16,1.56,4
Mississippi,1998,10987,15346,3927,50,5485,20,1.54,4
Mississippi,1999,11436,16564,4052,50,5869,16,1.60,4
Mississippi,2000,12015,18389,4225,50,6467,13,1.73,3
Mississippi,2001,11894,20277,4167,50,7104,11,1.82,3
Mississippi,2002,11386,21311,3979,50,7448,11,1.83,3
Mississippi,2003,10989,21741,3827,50,7572,17,1.82,2
Mississippi,2004,11271,22338,3903,50,7735,17,1.82,3
Mississippi,2005,12434,26181,4281,50,9014,10,2.02,2
Missouri,1981,11453,15130,2323,34,3069,8,1.36,5
Missouri,1982,11855,16544,2405,30,3356,7,1.40,5
Missouri,1983,11557,19055,2339,25,3857,6,1.51,4
Missouri,1984,12756,20334,2568,25,4093,6,1.53,3
Missouri,1985,13991,22422,2802,25,4490,5,1.55,3
Missouri,1986,14605,20894,2911,24,4164,9,1.37,10
Missouri,1987,15997,21063,3169,25,4172,9,1.35,11
Missouri,1988,16590,21559,3269,27,4248,7,1.36,10
Missouri,1989,17910,23564,3517,28,4627,9,1.39,7
Missouri,1990,18387,24420,3591,28,4769,7,1.37,9
Missouri,1991,19018,26497,3685,28,5135,8,1.37,8
Missouri,1992,19732,26221,3791,27,5037,12,1.25,16
Missouri,1993,21029,29432,4000,30,5598,8,1.33,11
Missouri,1994,23076,31297,4345,27,5893,7,1.35,9
Missouri,1995,24589,31541,4583,28,5879,6,1.29,12
Missouri,1996,26260,35321,4847,30,6519,6,1.40,6
Missouri,1997,28255,31833,5167,31,5821,9,1.24,17
Missouri,1998,30347,32730,5506,30,5938,10,1.24,17
Missouri,1999,31408,33474,5657,30,6029,12,1.24,17
Missouri,2000,33895,35730,6058,29,6386,15,1.27,17
Missouri,2001,33307,39229,5912,29,6963,13,1.30,16
Missouri,2002,31175,42347,5497,30,7467,10,1.33,15
Missouri,2003,29696,43874,5206,31,7691,14,1.34,16
Missouri,2004,30820,45730,5367,34,7963,15,1.34,18
Missouri,2005,35171,48273,6078,34,8342,17,1.32,17
Montana,1981,1792,1778,2256,35,2238,32,1.06,25
Montana,1982,1821,1861,2271,35,2321,32,1.06,25
Montana,1983,1727,2205,2128,35,2717,24,1.18,16
Montana,1984,1849,2377,2257,38,2902,24,1.27,11
Montana,1985,1935,2775,2354,40,3376,14,1.43,8
Montana,1986,1912,2821,2343,40,3458,17,1.47,5
Montana,1987,2043,2887,2531,41,3576,16,1.49,5
Montana,1988,2132,2929,2661,42,3655,16,1.47,6
Montana,1989,2356,3303,2946,40,4130,13,1.51,5
Montana,1990,2429,3421,3037,43,4276,13,1.48,4
Montana,1991,2576,3745,3190,41,4639,11,1.46,4
Montana,1992,2718,4141,3308,40,5039,11,1.46,5
Montana,1993,2959,4408,3523,40,5248,10,1.43,5
Montana,1994,3218,4613,3755,41,5382,9,1.43,5
Montana,1995,3389,4829,3883,42,5533,11,1.46,6
Montana,1996,3555,4972,4023,44,5626,8,1.49,4
Montana,1997,3761,5236,4231,45,5890,8,1.54,5
Montana,1998,4036,5480,4526,45,6145,7,1.55,3
Montana,1999,4195,6251,4681,44,6975,7,1.70,2
Montana,2000,4533,5920,5025,44,6563,9,1.57,6
Montana,2001,4552,6630,5027,42,7322,8,1.61,5
Montana,2002,4365,6974,4800,39,7670,8,1.60,6
Montana,2003,4320,7092,4719,39,7747,13,1.53,8
Montana,2004,4577,7494,4954,39,8110,14,1.52,9
Montana,2005,5228,7814,5605,39,8378,16,1.47,11
Nebraska,1981,3733,3202,2367,32,2030,42,0.91,38
Nebraska,1982,3784,3504,2393,31,2216,38,0.95,32
Nebraska,1983,3585,4110,2264,30,2595,30,1.04,27
Nebraska,1984,3883,4119,2446,31,2595,35,1.02,28
Nebraska,1985,4155,4736,2620,32,2987,28,1.11,20
Nebraska,1986,4264,5211,2704,32,3305,24,1.18,18
Nebraska,1987,4653,5331,2967,32,3399,23,1.19,20
Nebraska,1988,4938,5935,3145,32,3780,14,1.27,15
Nebraska,1989,5365,5771,3408,31,3666,22,1.16,22
Nebraska,1990,5604,6086,3547,31,3852,25,1.13,21
Nebraska,1991,5836,6441,3665,30,4045,31,1.08,24
Nebraska,1992,6042,6941,3758,30,4317,31,1.07,25
Nebraska,1993,6422,7645,3959,31,4713,24,1.12,21
Nebraska,1994,6967,7439,4259,31,4548,31,1.06,27
Nebraska,1995,7519,7461,4550,29,4515,38,1.01,30
Nebraska,1996,8116,7591,4861,27,4547,39,1.00,30
Nebraska,1997,8720,7838,5180,29,4656,35,1.02,28
Nebraska,1998,9405,8268,5554,28,4882,34,1.05,28
Nebraska,1999,9813,8844,5764,28,5195,32,1.09,25
Nebraska,2000,10504,9617,6138,27,5620,27,1.15,23
Nebraska,2001,10193,10784,5934,27,6278,22,1.19,22
Nebraska,2002,9527,11583,5523,29,6714,24,1.20,22
Nebraska,2003,9295,11000,5359,27,6342,34,1.06,28
Nebraska,2004,9774,11795,5603,26,6761,31,1.08,26
Nebraska,2005,11261,12785,6415,26,7283,31,1.10,25
Nevada,1981,2620,2178,3129,5,2601,14,0.85,43
Nevada,1982,2620,2289,3001,5,2622,17,0.85,40
Nevada,1983,2594,2608,2892,4,2908,16,0.85,42
Nevada,1984,2886,2807,3140,6,3054,15,0.88,41
Nevada,1985,3219,3085,3408,8,3266,17,0.88,41
Nevada,1986,3507,3723,3604,8,3825,10,0.98,33
Nevada,1987,3971,3461,3921,9,3418,21,0.88,41
Nevada,1988,4498,3429,4235,8,3228,33,0.79,45
Nevada,1989,5056,3955,4507,8,3526,29,0.83,44
Nevada,1990,5589,4183,4658,7,3486,38,0.76,46
Nevada,1991,5977,4968,4679,8,3889,34,0.78,46
Nevada,1992,6438,5428,4813,7,4058,37,0.74,45
Nevada,1993,7280,5780,5214,4,4140,39,0.70,47
Nevada,1994,8212,6082,5559,4,4117,43,0.71,48
Nevada,1995,9092,6665,5825,4,4270,42,0.73,48
Nevada,1996,10349,7514,6291,4,4567,38,0.78,45
Nevada,1997,11376,7115,6539,6,4090,48,0.73,48
Nevada,1998,12700,7573,6936,9,4136,49,0.75,48
Nevada,1999,13953,8013,7289,7,4186,50,0.74,47
Nevada,2000,15465,8633,7742,12,4322,50,0.77,47
Nevada,2001,15275,9630,7356,12,4638,50,0.75,47
Nevada,2002,14647,10737,6810,14,4992,50,0.71,47
Nevada,2003,14677,11637,6602,13,5234,50,0.66,49
Nevada,2004,16836,12769,7289,6,5529,50,0.62,49
Nevada,2005,20135,14089,8417,6,5889,50,0.65,49
New Hampshire,1981,2369,2226,2538,18,2385,23,0.97,30
New Hampshire,1982,2502,2463,2648,16,2607,20,0.97,30
New Hampshire,1983,2556,2679,2674,13,2804,20,0.89,36
New Hampshire,1984,2915,2903,2998,11,2986,20,0.91,37
New Hampshire,1985,3363,3133,3391,9,3159,21,0.85,44
New Hampshire,1986,3784,2973,3717,5,2920,39,0.69,49
New Hampshire,1987,4349,3042,4154,5,2905,37,0.70,49
New Hampshire,1988,4715,3198,4384,5,2973,40,0.71,49
New Hampshire,1989,5027,3402,4574,7,3095,45,0.73,49
New Hampshire,1990,4954,3607,4461,12,3248,44,0.75,48
New Hampshire,1991,4963,3936,4469,13,3544,46,0.74,47
New Hampshire,1992,5125,4362,4593,12,3909,43,0.74,46
New Hampshire,1993,5484,4145,4868,9,3679,50,0.65,50
New Hampshire,1994,5943,4621,5216,9,4056,44,0.73,47
New Hampshire,1995,6391,4890,5539,9,4238,45,0.75,46
New Hampshire,1996,6991,5049,5973,8,4314,44,0.75,47
New Hampshire,1997,7735,5057,6523,7,4265,45,0.74,47
New Hampshire,1998,8495,5278,7068,5,4392,44,0.76,47
New Hampshire,1999,9069,5389,7446,6,4424,47,0.73,48
New Hampshire,2000,10521,5805,8512,4,4697,46,0.71,48
New Hampshire,2001,10278,6317,8196,5,5038,46,0.71,48
New Hampshire,2002,9336,6937,7351,6,5462,46,0.70,48
New Hampshire,2003,8894,7349,6932,6,5728,47,0.67,48
New Hampshire,2004,9389,7959,7251,7,6146,42,0.69,47
New Hampshire,2005,10649,8331,8162,8,6386,44,0.71,47
New Jersey,1981,23205,16163,3135,4,2183,36,0.72,49
New Jersey,1982,24437,17530,3291,3,2361,29,0.69,49
New Jersey,1983,24413,18562,3273,3,2489,34,0.59,50
New Jersey,1984,27115,20360,3614,3,2713,31,0.65,50
New Jersey,1985,30358,22016,4019,3,2915,32,0.64,50
New Jersey,1986,32360,22302,4253,2,2931,38,0.59,50
New Jersey,1987,36906,23031,4819,2,3007,36,0.62,50
New Jersey,1988,39588,23984,5140,2,3114,37,0.63,50
New Jersey,1989,42086,26044,5450,2,3372,36,0.66,50
New Jersey,1990,42767,28465,5516,2,3671,33,0.68,50
New Jersey,1991,43137,31114,5529,2,3988,32,0.66,50
New Jersey,1992,44609,34680,5673,2,4410,29,0.66,50
New Jersey,1993,46565,36257,5871,2,4571,30,0.67,48
New Jersey,1994,50047,36839,6257,2,4606,29,0.68,49
New Jersey,1995,53690,37920,6656,2,4701,31,0.68,49
New Jersey,1996,57943,38467,7124,2,4730,32,0.69,50
New Jersey,1997,63383,39862,7728,2,4860,29,0.71,49
New Jersey,1998,69179,40415,8365,2,4887,33,0.71,49
New Jersey,1999,73718,41204,8837,2,4940,36,0.70,50
New Jersey,2000,83130,43654,9878,3,5187,36,0.69,49
New Jersey,2001,83003,46285,9778,2,5453,38,0.65,50
New Jersey,2002,76560,50673,8944,2,5920,36,0.61,50
New Jersey,2003,72846,53679,8452,2,6228,35,0.57,50
New Jersey,2004,75382,55264,8700,2,6378,38,0.57,50
New Jersey,2005,86112,58617,9902,2,6740,37,0.61,50
New Mexico,1981,2739,4978,2064,37,3752,3,1.84,1
New Mexico,1982,2872,5246,2118,38,3869,4,1.81,1
New Mexico,1983,2786,5376,2009,39,3877,5,1.78,1
New Mexico,1984,3045,6131,2158,41,4345,2,1.94,1
New Mexico,1985,3359,6572,2344,41,4586,4,1.90,1
New Mexico,1986,3407,7092,2339,41,4869,2,2.03,1
New Mexico,1987,3674,7366,2492,44,4995,4,2.04,1
New Mexico,1988,3840,8685,2581,45,5839,2,2.33,1
New Mexico,1989,4176,8184,2783,45,5454,2,2.03,1
New Mexico,1990,4368,8696,2879,47,5732,3,2.03,1
New Mexico,1991,4656,9479,3010,47,6128,4,2.00,1
New Mexico,1992,4846,10504,3057,47,6625,2,2.08,1
New Mexico,1993,5321,11296,3272,45,6946,2,2.04,1
New Mexico,1994,5930,11255,3549,47,6736,4,1.87,1
New Mexico,1995,6394,11826,3737,48,6912,4,1.85,1
New Mexico,1996,6779,12141,3887,48,6960,4,1.85,1
New Mexico,1997,7258,12454,4102,47,7039,4,1.83,1
New Mexico,1998,7670,12959,4288,48,7244,4,1.85,1
New Mexico,1999,7968,13616,4416,48,7546,4,1.89,1
New Mexico,2000,7852,14484,4318,49,7966,5,2.08,1
New Mexico,2001,9156,16609,5003,43,9076,4,1.93,1
New Mexico,2002,8568,17481,4632,46,9451,5,2.01,1
New Mexico,2003,8090,18736,4321,46,10008,4,2.17,1
New Mexico,2004,8545,19864,4510,46,10483,4,2.18,1
New Mexico,2005,9891,20604,5153,46,10733,4,2.03,1
New York,1981,48641,43574,2768,13,2480,19,0.93,35
New York,1982,50656,45986,2881,10,2615,19,0.90,35
New York,1983,50018,50106,2832,7,2837,18,0.85,39
New York,1984,55358,53393,3122,7,3011,18,0.89,40
New York,1985,61085,56773,3436,6,3193,19,0.86,43
New York,1986,65378,59448,3668,7,3335,21,0.83,45
New York,1987,73525,60252,4117,6,3374,24,0.83,44
New York,1988,78614,60677,4386,4,3385,27,0.81,44
New York,1989,84762,65143,4716,5,3625,24,0.83,45
New York,1990,86944,69900,4827,4,3881,23,0.83,43
New York,1991,87871,77277,4856,4,4270,20,0.84,42
New York,1992,90151,86414,4949,5,4744,17,0.86,40
New York,1993,95508,88781,5207,5,4840,19,0.84,41
New York,1994,101498,89449,5505,5,4851,24,0.85,40
New York,1995,107385,94664,5802,5,5115,22,0.87,40
New York,1996,116356,95798,6265,5,5158,20,0.86,41
New York,1997,126903,98138,6808,4,5265,24,0.86,41
New York,1998,136418,99979,7283,4,5338,24,0.87,41
New York,1999,144289,103393,7654,5,5485,25,0.87,42
New York,2000,158806,110459,8371,6,5823,21,0.88,39
New York,2001,162238,116528,8507,4,6110,28,0.81,43
New York,2002,148654,128996,7763,4,6736,23,0.82,41
New York,2003,140423,137898,7306,4,7174,23,0.82,42
New York,2004,147454,143903,7649,5,7465,23,0.82,41
New York,2005,168710,144876,8737,5,7503,26,0.79,42
North Carolina,1981,11797,11189,1986,41,1884,48,0.97,31
North Carolina,1982,12185,11951,2030,41,1991,48,0.96,31
North Carolina,1983,12155,12874,2005,40,2124,50,0.90,35
North Carolina,1984,13974,13626,2275,37,2218,49,0.88,42
North Carolina,1985,15651,15005,2512,35,2408,50,0.88,42
North Carolina,1986,16685,15746,2646,34,2498,50,0.86,42
North Carolina,1987,18631,16598,2919,35,2600,48,0.90,40
North Carolina,1988,20005,17743,3096,35,2746,47,0.93,37
North Carolina,1989,22243,19106,3399,32,2920,48,0.91,37
North Carolina,1990,22820,20573,3437,33,3099,48,0.92,36
North Carolina,1991,23619,23570,3497,33,3490,47,0.95,33
North Carolina,1992,24889,26172,3623,34,3810,47,0.95,33
North Carolina,1993,26947,27352,3846,33,3904,48,0.92,37
North Carolina,1994,29769,28739,4163,33,4019,47,0.93,39
North Carolina,1995,32224,30692,4411,33,4201,46,0.95,36
North Carolina,1996,34679,33370,4648,33,4472,42,1.01,29
North Carolina,1997,38078,34592,4999,33,4541,39,1.01,30
North Carolina,1998,41642,35744,5359,31,4600,40,1.01,31
North Carolina,1999,43883,37482,5545,31,4736,41,1.02,31
North Carolina,2000,47634,41414,5920,32,5147,37,1.07,28
North Carolina,2001,46843,44602,5734,33,5460,37,1.07,30
North Carolina,2002,44051,48180,5317,34,5815,39,1.06,28
North Carolina,2003,42933,51766,5117,33,6170,38,1.06,27
North Carolina,2004,45854,55233,5393,33,6496,35,1.06,29
North Carolina,2005,52547,59162,6084,33,6850,33,1.08,27
North Dakota,1981,1666,1510,2530,19,2292,27,0.96,32
North Dakota,1982,1690,1640,2535,23,2460,26,1.00,28
North Dakota,1983,1531,2130,2268,28,3157,11,1.29,9
North Dakota,1984,1619,2275,2382,33,3348,12,1.38,7
North Dakota,1985,1695,2691,2501,36,3970,8,1.57,2
North Dakota,1986,1683,2818,2507,38,4197,7,1.65,3
North Dakota,1987,1794,3002,2705,37,4526,5,1.73,2
North Dakota,1988,1784,2881,2716,39,4387,6,1.70,3
North Dakota,1989,1901,3090,2931,41,4764,7,1.72,2
North Dakota,1990,1995,2945,3117,38,4603,8,1.53,3
North Dakota,1991,2092,3273,3289,38,5144,7,1.55,3
North Dakota,1992,2168,3499,3401,38,5488,7,1.53,3
North Dakota,1993,2314,3696,3614,37,5771,6,1.53,3
North Dakota,1994,2495,3876,3875,38,6020,6,1.54,3
North Dakota,1995,2605,3779,4026,38,5840,8,1.47,5
North Dakota,1996,2771,3605,4265,38,5548,10,1.37,8
North Dakota,1997,2896,4204,4456,38,6469,6,1.58,3
North Dakota,1998,3073,4139,4742,38,6387,6,1.52,5
North Dakota,1999,3200,4578,4960,38,7097,6,1.62,3
North Dakota,2000,3421,5246,5329,39,8172,4,1.77,2
North Dakota,2001,3382,5957,5304,38,9343,3,1.90,2
North Dakota,2002,3254,6437,5129,38,10148,3,1.96,2
North Dakota,2003,3199,5726,5054,37,9048,6,1.66,5
North Dakota,2004,3375,6035,5315,37,9503,6,1.65,6
North Dakota,2005,3829,6608,6031,36,10408,5,1.68,6
Ohio,1981,26682,22015,2473,25,2040,41,0.86,42
Ohio,1982,26477,24214,2460,26,2249,36,0.91,34
Ohio,1983,25084,26237,2335,26,2442,37,0.91,34
Ohio,1984,27693,25671,2579,24,2391,44,0.86,44
Ohio,1985,30211,28707,2814,24,2674,43,0.89,40
Ohio,1986,30988,31823,2888,25,2965,36,0.96,35
Ohio,1987,34447,31207,3204,23,2902,38,0.93,36
Ohio,1988,35852,33521,3323,24,3107,38,0.99,31
Ohio,1989,38650,36313,3572,26,3356,37,1.01,31
Ohio,1990,39897,38349,3675,26,3533,37,1.00,31
Ohio,1991,41032,41783,3756,25,3824,37,0.98,31
Ohio,1992,42257,43843,3839,25,3983,39,0.94,34
Ohio,1993,45180,46355,4076,25,4182,38,0.94,34
Ohio,1994,49297,47411,4425,24,4256,38,0.94,38
Ohio,1995,52363,50516,4679,24,4514,39,0.97,32
Ohio,1996,55332,50601,4926,25,4505,41,0.97,33
Ohio,1997,59341,50998,5266,24,4526,41,0.97,33
Ohio,1998,63412,52099,5610,25,4609,39,0.97,32
Ohio,1999,66054,53772,5830,26,4746,40,0.98,32
Ohio,2000,69481,57387,6118,28,5053,40,1.03,32
Ohio,2001,67499,61801,5929,28,5428,39,1.03,32
Ohio,2002,63423,65978,5559,28,5783,40,1.01,32
Ohio,2003,60305,69902,5275,28,6115,39,1.01,31
Ohio,2004,62501,73195,5456,29,6390,37,1.02,31
Ohio,2005,70304,77881,6130,30,6791,34,1.05,31
Oklahoma,1981,7743,7027,2513,21,2281,30,0.93,36
Oklahoma,1982,8324,7233,2619,17,2276,35,0.85,42
Oklahoma,1983,7772,7783,2377,24,2381,41,0.85,41
Oklahoma,1984,8210,8405,2498,27,2557,36,0.95,31
Oklahoma,1985,8654,9111,2642,30,2782,37,1.00,32
Oklahoma,1986,8278,9750,2541,37,2993,33,1.12,24
Oklahoma,1987,8572,10069,2661,38,3126,33,1.21,18
Oklahoma,1988,8783,10762,2764,37,3387,26,1.28,13
Oklahoma,1989,9493,11272,3009,37,3573,26,1.25,14
Oklahoma,1990,9898,11963,3143,37,3799,26,1.24,17
Oklahoma,1991,10228,13120,3228,39,4140,30,1.24,15
Oklahoma,1992,10416,14502,3246,42,4519,26,1.30,10
Oklahoma,1993,10926,15022,3368,44,4630,28,1.29,13
Oklahoma,1994,11834,15464,3615,44,4724,27,1.28,14
Oklahoma,1995,12445,16132,3770,47,4886,26,1.30,11
Oklahoma,1996,13246,16843,3975,46,5055,24,1.32,10
Oklahoma,1997,14225,17396,4228,46,5170,25,1.33,13
Oklahoma,1998,15098,18250,4444,46,5372,23,1.36,9
Oklahoma,1999,15597,19298,4548,45,5628,19,1.41,10
Oklahoma,2000,16959,20758,4915,45,6017,18,1.44,10
Oklahoma,2001,17306,22712,4997,44,6557,17,1.43,12
Oklahoma,2002,16336,24355,4690,43,6993,19,1.46,11
Oklahoma,2003,15819,25254,4519,43,7215,21,1.45,13
Oklahoma,2004,17130,26644,4869,40,7573,21,1.41,15
Oklahoma,2005,19572,27637,5532,40,7811,22,1.36,15
Oregon,1981,6405,5255,2410,29,1977,46,0.88,40
Oregon,1982,6241,5740,2341,33,2153,43,0.94,33
Oregon,1983,5958,6212,2243,32,2339,44,0.94,31
Oregon,1984,6543,6545,2457,30,2458,42,0.96,30
Oregon,1985,7056,7198,2641,31,2695,42,1.00,31
Oregon,1986,7442,7409,2776,30,2764,44,0.97,34
Oregon,1987,8254,7532,3061,30,2793,43,0.97,34
Oregon,1988,8909,8237,3262,29,3016,39,1.00,30
Oregon,1989,9981,8685,3593,25,3126,43,0.96,34
Oregon,1990,10617,9855,3734,23,3467,39,0.98,32
Oregon,1991,11158,10640,3832,23,3655,41,0.94,36
Oregon,1992,11544,11696,3879,24,3930,42,0.94,36
Oregon,1993,12548,12422,4123,23,4082,40,0.93,36
Oregon,1994,13799,13113,4443,23,4222,39,0.95,34
Oregon,1995,14908,13640,4705,23,4305,41,0.95,35
Oregon,1996,16372,14246,5067,22,4409,43,0.95,36
Oregon,1997,18028,14665,5480,21,4457,42,0.94,35
Oregon,1998,19094,15141,5716,23,4533,42,0.97,34
Oregon,1999,20253,15759,5986,22,4658,42,0.97,34
Oregon,2000,22354,16568,6532,22,4841,42,0.97,35
Oregon,2001,21450,18440,6193,24,5324,41,0.99,35
Oregon,2002,20034,19843,5706,24,5651,42,0.97,35
Oregon,2003,19378,21253,5456,25,5984,40,0.97,35
Oregon,2004,20693,21871,5777,23,6106,43,0.93,36
Oregon,2005,23583,22792,6503,24,6285,46,0.93,36
Pennsylvania,1981,29857,27422,2517,20,2312,26,0.95,33
Pennsylvania,1982,30187,29628,2548,21,2501,24,0.97,29
Pennsylvania,1983,28774,33289,2430,22,2812,19,1.01,29
Pennsylvania,1984,31923,32413,2701,22,2742,29,0.94,32
Pennsylvania,1985,34603,35227,2937,22,2990,27,0.96,34
Pennsylvania,1986,35870,37453,3045,20,3179,28,0.98,32
Pennsylvania,1987,40183,38053,3404,19,3224,26,0.97,33
Pennsylvania,1988,42958,39569,3629,18,3343,29,0.97,32
Pennsylvania,1989,46556,41580,3925,18,3506,30,0.96,35
Pennsylvania,1990,47995,45117,4035,18,3793,27,0.97,33
Pennsylvania,1991,49130,49740,4107,20,4158,27,0.98,32
Pennsylvania,1992,50463,56201,4194,19,4671,20,1.02,30
Pennsylvania,1993,53655,58229,4433,19,4811,20,1.00,29
Pennsylvania,1994,57814,60051,4757,19,4941,20,1.01,29
Pennsylvania,1995,61192,64609,5020,18,5300,14,1.05,28
Pennsylvania,1996,64727,64610,5299,19,5289,18,1.04,26
Pennsylvania,1997,69336,65980,5671,19,5397,19,1.05,25
Pennsylvania,1998,74213,67439,6063,20,5509,18,1.05,26
Pennsylvania,1999,77505,69996,6322,19,5710,18,1.06,29
Pennsylvania,2000,83805,73745,6824,19,6005,19,1.07,29
Pennsylvania,2001,82148,79379,6682,19,6457,18,1.08,29
Pennsylvania,2002,77289,85602,6276,19,6951,20,1.07,27
Pennsylvania,2003,74200,90350,6011,19,7319,19,1.07,26
Pennsylvania,2004,77542,94900,6268,19,7671,19,1.07,27
Pennsylvania,2005,87940,99503,7093,19,8025,20,1.07,28
Rhode Island,1981,2322,2581,2437,28,2709,12,1.15,14
Rhode Island,1982,2380,2628,2495,24,2755,13,1.10,19
Rhode Island,1983,2339,2824,2447,20,2955,15,1.06,24
Rhode Island,1984,2608,2981,2715,19,3104,14,1.07,24
Rhode Island,1985,2882,3092,2980,19,3197,18,1.01,29
Rhode Island,1986,3137,3223,3216,15,3305,23,0.95,37
Rhode Island,1987,3567,3453,3615,13,3500,17,0.98,32
Rhode Island,1988,3863,3567,3884,12,3586,18,0.97,33
Rhode Island,1989,4155,3828,4157,14,3830,14,0.99,32
Rhode Island,1990,4171,4335,4152,16,4315,11,1.07,27
Rhode Island,1991,4177,4671,4138,18,4627,12,1.08,25
Rhode Island,1992,4263,5151,4212,18,5089,10,1.10,23
Rhode Island,1993,4505,5298,4440,18,5222,11,1.08,25
Rhode Island,1994,4773,5450,4699,20,5366,11,1.11,21
Rhode Island,1995,5024,5789,4941,20,5694,9,1.14,19
Rhode Island,1996,5285,5718,5181,20,5606,9,1.13,20
Rhode Island,1997,5792,5892,5655,20,5753,11,1.12,20
Rhode Island,1998,6282,6050,6101,19,5875,12,1.11,22
Rhode Island,1999,6499,6250,6260,20,6021,13,1.12,23
Rhode Island,2000,7196,6879,6865,18,6563,10,1.15,22
Rhode Island,2001,7235,6994,6847,18,6619,16,1.08,28
Rhode Island,2002,6888,7505,6461,17,7040,18,1.06,30
Rhode Island,2003,6701,8036,6244,17,7488,18,1.06,29
Rhode Island,2004,7028,8245,6520,17,7649,20,1.03,30
Rhode Island,2005,7969,8423,7414,17,7836,21,1.00,33
South Carolina,1981,5791,6964,1828,48,2198,34,1.21,10
South Carolina,1982,5932,7566,1853,48,2364,28,1.24,11
South Carolina,1983,5890,8351,1825,48,2587,32,1.25,11
South Carolina,1984,6654,8947,2039,47,2742,28,1.24,13
South Carolina,1985,7373,9808,2237,44,2976,29,1.25,15
South Carolina,1986,7781,9944,2335,42,2984,34,1.19,17
South Carolina,1987,8702,10383,2581,39,3080,35,1.20,19
South Carolina,1988,9257,10934,2719,38,3212,34,1.22,17
South Carolina,1989,10191,12312,2958,38,3573,27,1.25,16
South Carolina,1990,10808,13832,3097,40,3963,20,1.29,12
South Carolina,1991,11244,15062,3165,42,4239,24,1.29,12
South Carolina,1992,11560,16170,3204,44,4482,27,1.29,12
South Carolina,1993,12361,16466,3384,43,4508,31,1.24,16
South Carolina,1994,13594,17197,3679,42,4654,28,1.23,17
South Carolina,1995,14743,17839,3944,41,4773,29,1.20,18
South Carolina,1996,15760,18354,4164,41,4850,28,1.21,18
South Carolina,1997,17030,18962,4430,39,4933,27,1.21,18
South Carolina,1998,18508,19900,4740,39,5097,27,1.22,18
South Carolina,1999,19498,20952,4923,39,5290,29,1.24,18
South Carolina,2000,20820,22323,5190,41,5565,28,1.28,15
South Carolina,2001,20549,24708,5072,40,6099,30,1.32,15
South Carolina,2002,19587,26103,4788,40,6381,31,1.30,18
South Carolina,2003,18862,28038,4565,40,6785,27,1.34,17
South Carolina,2004,19897,30051,4758,43,7186,27,1.36,17
South Carolina,2005,22711,32044,5364,43,7568,24,1.35,16
South Dakota,1981,1353,1577,1963,43,2287,29,1.25,9
South Dakota,1982,1356,1678,1964,45,2431,27,1.30,8
South Dakota,1983,1305,1926,1884,45,2782,21,1.40,6
South Dakota,1984,1427,2056,2050,45,2953,21,1.43,6
South Dakota,1985,1519,2312,2175,47,3312,16,1.53,5
South Dakota,1986,1588,2454,2280,45,3523,15,1.54,4
South Dakota,1987,1758,2660,2526,42,3822,11,1.58,4
South Dakota,1988,1858,2691,2664,41,3857,12,1.54,5
South Dakota,1989,2019,2928,2897,43,4200,11,1.55,4
South Dakota,1990,2167,2861,3109,39,4105,16,1.38,8
South Dakota,1991,2313,3159,3295,37,4500,15,1.36,9
South Dakota,1992,2447,3380,3444,36,4757,16,1.31,9
South Dakota,1993,2676,3669,3717,35,5097,13,1.31,12
South Dakota,1994,2885,3802,3960,36,5218,13,1.31,11
South Dakota,1995,3038,3865,4127,36,5250,18,1.30,10
South Dakota,1996,3232,3867,4360,36,5218,19,1.28,14
South Dakota,1997,3504,4216,4711,37,5669,12,1.34,9
South Dakota,1998,3762,4326,5046,37,5802,13,1.33,12
South Dakota,1999,3998,4943,5336,36,6597,8,1.44,8
South Dakota,2000,4292,5141,5689,37,6814,7,1.45,9
South Dakota,2001,4218,5820,5568,36,7683,7,1.53,8
South Dakota,2002,4016,6315,5286,35,8312,7,1.57,8
South Dakota,2003,3866,6202,5067,35,8128,10,1.49,10
South Dakota,2004,4189,6602,5450,30,8589,10,1.47,12
South Dakota,2005,4840,7481,6256,28,9669,7,1.53,8
Tennessee,1981,9196,10907,1991,40,2361,24,1.21,12
Tennessee,1982,9557,11751,2059,39,2532,22,1.20,13
Tennessee,1983,9480,12521,2036,38,2689,26,1.15,17
Tennessee,1984,10559,13610,2256,39,2908,22,1.19,15
Tennessee,1985,11554,13553,2454,38,2879,34,1.09,22
Tennessee,1986,12125,15917,2562,36,3363,20,1.22,16
Tennessee,1987,13651,15300,2861,36,3206,28,1.12,26
Tennessee,1988,14691,15705,3053,36,3263,30,1.09,28
Tennessee,1989,15929,16978,3287,36,3503,31,1.10,24
Tennessee,1990,16466,18300,3371,36,3747,30,1.12,22
Tennessee,1991,17278,21193,3491,34,4283,19,1.16,21
Tennessee,1992,18360,22772,3651,32,4528,24,1.11,22
Tennessee,1993,19995,24102,3909,32,4711,25,1.09,24
Tennessee,1994,22134,25221,4250,32,4843,25,1.08,23
Tennessee,1995,23971,26611,4520,31,5018,23,1.07,25
Tennessee,1996,25706,27520,4766,32,5102,23,1.09,22
Tennessee,1997,27526,28855,5024,32,5267,23,1.12,21
Tennessee,1998,29600,30539,5331,33,5500,19,1.16,20
Tennessee,1999,30717,30982,5464,34,5511,24,1.15,22
Tennessee,2000,32601,33588,5732,35,5906,20,1.20,20
Tennessee,2001,32313,36795,5634,35,6415,19,1.23,19
Tennessee,2002,30930,39276,5353,32,6798,22,1.22,20
Tennessee,2003,30155,42602,5179,32,7316,20,1.25,20
Tennessee,2004,31682,45441,5395,32,7738,16,1.27,19
Tennessee,2005,35872,48288,6041,35,8132,19,1.27,19
Texas,1981,40786,32851,2786,11,2244,31,0.81,45
Texas,1982,43333,33400,2854,12,2200,39,0.73,47
Texas,1983,41571,36956,2657,15,2362,42,0.72,48
Texas,1984,45721,39275,2868,14,2463,41,0.76,47
Texas,1985,50000,44065,3085,15,2719,40,0.79,46
Texas,1986,49039,47343,2974,23,2871,40,0.88,41
Texas,1987,51767,47504,3117,26,2861,40,0.93,38
Texas,1988,54408,49485,3267,28,2971,41,0.94,35
Texas,1989,59091,55233,3523,27,3293,40,0.98,33
Texas,1990,62227,58236,3662,27,3427,40,0.94,35
Texas,1991,64775,65182,3741,26,3765,38,0.94,34
Texas,1992,67458,71084,3818,26,4023,38,0.93,38
Texas,1993,72727,76357,4027,26,4228,37,0.94,35
Texas,1994,79455,78934,4303,29,4275,37,0.94,37
Texas,1995,85799,83863,4549,30,4447,40,0.95,37
Texas,1996,93351,86783,4851,29,4509,40,0.95,37
Texas,1997,102776,88898,5233,26,4526,40,0.94,36
Texas,1998,115056,92206,5738,22,4598,41,0.92,36
Texas,1999,121157,98488,5922,23,4814,39,0.94,36
Texas,2000,134820,106671,6465,23,5115,38,0.95,36
Texas,2001,135116,112701,6357,22,5302,42,0.92,36
Texas,2002,125811,123442,5808,23,5699,41,0.93,36
Texas,2003,122630,140451,5564,23,6372,31,0.98,33
Texas,2004,127454,141858,5684,25,6327,40,0.95,35
Texas,2005,146932,148683,6437,25,6514,42,0.94,35
Utah,1981,2937,3441,1953,44,2289,28,1.21,11
Utah,1982,3070,3824,1984,43,2471,25,1.25,10
Utah,1983,3038,4138,1916,42,2609,28,1.23,12
Utah,1984,3399,4840,2104,42,2996,19,1.37,8
Utah,1985,3680,4970,2247,43,3035,25,1.31,11
Utah,1986,3778,5501,2279,46,3318,22,1.41,6
Utah,1987,4057,5705,2423,47,3407,22,1.45,7
Utah,1988,4261,5750,2527,46,3409,25,1.41,7
Utah,1989,4664,6142,2741,46,3609,25,1.38,8
Utah,1990,5031,6521,2917,45,3781,29,1.32,10
Utah,1991,5393,6788,3051,45,3840,36,1.21,18
Utah,1992,5637,7229,3093,46,3966,40,1.17,20
Utah,1993,6161,7535,3272,46,4002,44,1.12,22
Utah,1994,6973,7682,3585,45,3950,48,1.06,26
Utah,1995,7722,8486,3860,44,4241,44,1.08,22
Utah,1996,8517,8153,4146,42,3968,49,0.99,31
Utah,1997,9221,8478,4377,42,4024,50,1.01,29
Utah,1998,9857,8752,4575,42,4062,50,1.03,30
Utah,1999,10499,9294,4785,43,4236,49,1.04,30
Utah,2000,11635,10043,5209,40,4497,49,1.06,31
Utah,2001,11372,11394,4994,45,5004,48,1.11,25
Utah,2002,10771,12303,4650,45,5311,49,1.11,26
Utah,2003,10530,13500,4484,45,5749,45,1.14,24
Utah,2004,11245,13684,4675,45,5690,48,1.07,28
Utah,2005,13134,14823,5311,44,5994,49,1.07,29
Vermont,1981,1074,1129,2088,36,2195,35,1.10,17
Vermont,1982,1103,1220,2128,36,2354,30,1.11,17
Vermont,1983,1095,1340,2096,37,2566,33,1.09,22
Vermont,1984,1226,1395,2332,36,2653,33,1.08,22
Vermont,1985,1383,1454,2613,33,2748,38,1.00,30
Vermont,1986,1513,1435,2838,28,2692,45,0.88,40
Vermont,1987,1727,1474,3206,22,2736,44,0.88,42
Vermont,1988,1899,1550,3470,21,2832,45,0.87,41
Vermont,1989,2085,1737,3751,21,3126,44,0.90,39
Vermont,1990,2094,1778,3719,24,3158,47,0.89,38
Vermont,1991,2103,2028,3705,27,3573,44,0.94,35
Vermont,1992,2154,2208,3768,29,3862,44,0.94,35
Vermont,1993,2314,2317,4014,28,4019,43,0.92,38
Vermont,1994,2498,2410,4290,30,4139,41,0.94,35
Vermont,1995,2627,2664,4470,32,4533,37,1.03,29
Vermont,1996,2837,2784,4789,31,4699,33,1.04,25
Vermont,1997,3092,2757,5185,28,4623,37,1.01,31
Vermont,1998,3349,2899,5585,27,4835,35,1.03,29
Vermont,1999,3541,3168,5867,25,5248,30,1.07,26
Vermont,2000,3854,3364,6332,24,5527,30,1.09,25
Vermont,2001,3812,3739,6228,23,6108,29,1.11,26
Vermont,2002,3622,4111,5885,22,6680,26,1.11,25
Vermont,2003,3441,4443,5568,22,7189,22,1.15,23
Vermont,2004,3564,4633,5747,24,7470,22,1.16,22
Vermont,2005,4085,4645,6568,22,7468,27,1.08,26
Virginia,1981,13596,19094,2505,24,3518,4,1.43,4
Virginia,1982,14257,22339,2601,20,4076,2,1.54,2
Virginia,1983,14255,25253,2570,16,4553,1,1.61,3
Virginia,1984,15799,24252,2809,17,4312,4,1.44,5
Virginia,1985,17566,26980,3083,16,4736,2,1.45,7
Virginia,1986,18733,28039,3237,13,4845,4,1.41,8
Virginia,1987,21305,31392,3610,14,5319,1,1.48,6
Virginia,1988,22950,35698,3818,14,5939,1,1.59,4
Virginia,1989,25287,32096,4146,16,5262,4,1.32,12
Virginia,1990,26051,36521,4207,14,5897,2,1.42,5
Virginia,1991,26867,39394,4278,14,6273,2,1.42,6
Virginia,1992,27740,41325,4344,14,6471,4,1.38,8
Virginia,1993,29730,44752,4584,14,6900,3,1.41,7
Virginia,1994,32157,45868,4893,15,6979,3,1.40,6
Virginia,1995,34045,51487,5119,16,7741,1,1.51,4
Virginia,1996,36780,50688,5464,16,7531,1,1.42,5
Virginia,1997,39467,53178,5796,17,7809,1,1.44,6
Virginia,1998,43725,55885,6353,14,8119,1,1.42,7
Virginia,1999,47484,58168,6807,14,8339,2,1.38,12
Virginia,2000,52087,62808,7359,15,8873,2,1.39,12
Virginia,2001,52192,71312,7279,14,9945,2,1.47,10
Virginia,2002,50215,74548,6914,11,10265,2,1.44,14
Virginia,2003,48963,82454,6659,8,11213,2,1.53,7
Virginia,2004,52202,90638,7009,10,12169,2,1.58,7
Virginia,2005,60185,95097,7981,10,12610,2,1.51,10
Washington,1981,12108,12540,2877,8,2980,9,1.06,24
Washington,1982,12073,13390,2830,14,3139,9,1.09,20
Washington,1983,11461,15279,2669,14,3558,8,1.18,15
Washington,1984,12396,14811,2861,15,3418,10,1.12,21
Washington,1985,13467,16670,3070,17,3801,10,1.18,16
Washington,1986,14334,16874,3229,14,3801,11,1.10,26
Washington,1987,16175,17619,3585,15,3905,10,1.11,27
Washington,1988,17337,18306,3758,15,3968,11,1.10,27
Washington,1989,19581,19520,4149,15,4136,12,1.05,28
Washington,1990,21408,20090,4401,13,4130,15,0.95,34
Washington,1991,22793,21769,4563,10,4358,17,0.90,38
Washington,1992,24009,24183,4683,9,4717,18,0.89,39
Washington,1993,25277,25115,4815,11,4784,22,0.89,39
Washington,1994,27362,26822,5113,10,5012,17,0.94,36
Washington,1995,29200,28831,5353,11,5286,15,0.97,31
Washington,1996,31958,29563,5761,11,5329,17,0.96,34
Washington,1997,35537,30488,6291,9,5398,18,0.95,34
Washington,1998,40265,31229,7008,7,5435,21,0.91,38
Washington,1999,45606,32156,7830,4,5521,22,0.84,43
Washington,2000,49822,33923,8452,5,5755,24,0.85,41
Washington,2001,46888,36960,7848,7,6186,26,0.89,39
Washington,2002,43263,40223,7149,7,6647,27,0.89,37
Washington,2003,41676,43368,6815,7,7092,24,0.89,37
Washington,2004,43645,44841,7055,8,7248,26,0.89,37
Washington,2005,49682,46338,7923,12,7390,29,0.88,38
West Virginia,1981,3835,4149,1964,42,2125,38,1.10,19
West Virginia,1982,3975,4162,2038,40,2134,44,1.02,27
West Virginia,1983,3630,4732,1865,46,2431,38,1.15,18
West Virginia,1984,3822,4826,1978,48,2498,40,1.18,16
West Virginia,1985,4043,5017,2114,48,2624,46,1.17,17
West Virginia,1986,4052,5409,2146,49,2864,41,1.27,14
West Virginia,1987,4346,5325,2332,49,2857,41,1.25,15
West Virginia,1988,4513,5861,2456,49,3190,36,1.35,11
West Virginia,1989,4784,6223,2640,49,3433,32,1.36,9
West Virginia,1990,4948,6726,2755,49,3745,31,1.39,7
West Virginia,1991,5182,7633,2883,49,4247,22,1.43,5
West Virginia,1992,5348,8276,2963,49,4586,22,1.44,6
West Virginia,1993,5654,9120,3116,49,5025,15,1.52,4
West Virginia,1994,6085,9282,3344,49,5101,16,1.49,4
West Virginia,1995,6386,10208,3503,49,5600,10,1.59,2
West Virginia,1996,6650,10066,3648,49,5522,12,1.56,3
West Virginia,1997,6961,10298,3825,49,5658,13,1.58,2
West Virginia,1998,7279,10719,4007,49,5901,11,1.63,2
West Virginia,1999,7756,11135,4278,49,6143,10,1.60,5
West Virginia,2000,8297,11751,4588,48,6497,12,1.61,4
West Virginia,2001,8285,12554,4595,49,6963,12,1.63,4
West Virginia,2002,7880,13362,4369,49,7409,12,1.66,5
West Virginia,2003,7538,14226,4170,49,7870,12,1.73,4
West Virginia,2004,7806,15183,4312,48,8387,11,1.79,4
West Virginia,2005,8815,16087,4861,48,8872,11,1.76,5
Wisconsin,1981,11557,9051,2448,27,1917,47,0.82,44
Wisconsin,1982,11475,9275,2427,29,1962,49,0.82,45
Wisconsin,1983,10763,10552,2279,27,2234,47,0.85,40
Wisconsin,1984,11946,10854,2525,26,2294,46,0.85,45
Wisconsin,1985,12981,11457,2736,27,2415,49,0.83,45
Wisconsin,1986,13560,12186,2852,27,2564,49,0.84,43
Wisconsin,1987,15133,12192,3171,24,2555,49,0.83,43
Wisconsin,1988,16184,13127,3364,23,2728,48,0.86,42
Wisconsin,1989,17428,14617,3595,24,3015,47,0.90,40
Wisconsin,1990,18125,15152,3705,25,3097,49,0.86,42
Wisconsin,1991,18799,16340,3798,24,3301,50,0.83,43
Wisconsin,1992,19691,18050,3930,23,3603,49,0.82,43
Wisconsin,1993,21067,19013,4155,22,3750,49,0.81,42
Wisconsin,1994,23157,19635,4522,22,3834,49,0.82,42
Wisconsin,1995,24729,19839,4781,22,3836,50,0.80,43
Wisconsin,1996,26517,20095,5081,21,3851,50,0.81,43
Wisconsin,1997,28707,21167,5461,22,4026,49,0.84,42
Wisconsin,1998,30989,21913,5858,21,4142,48,0.86,42
Wisconsin,1999,32432,22757,6092,21,4274,48,0.87,40
Wisconsin,2000,35082,24308,6540,21,4532,48,0.90,37
Wisconsin,2001,34361,26681,6366,21,4943,49,0.89,38
Wisconsin,2002,32516,28845,5988,21,5312,48,0.86,39
Wisconsin,2003,31257,30237,5725,21,5538,48,0.82,41
Wisconsin,2004,32535,31554,5925,20,5747,47,0.83,39
Wisconsin,2005,36961,33749,6695,21,6113,47,0.86,39
Wyoming,1981,1567,1568,3218,3,3219,7,1.02,28
Wyoming,1982,1580,1091,3144,4,2170,42,0.68,50
Wyoming,1983,1408,1228,2765,10,2411,39,0.72,47
Wyoming,1984,1470,1471,2904,13,2906,23,0.92,34
Wyoming,1985,1549,1552,3092,14,3098,23,0.94,35
Wyoming,1986,1489,1523,2998,21,3067,30,0.96,36
Wyoming,1987,1495,1535,3105,28,3187,30,1.06,28
Wyoming,1988,1544,1626,3299,25,3474,23,1.11,26
Wyoming,1989,1689,1716,3672,22,3730,21,1.09,25
Wyoming,1990,1788,1850,3930,21,4067,17,1.08,26
Wyoming,1991,1882,1939,4111,19,4235,25,1.00,30
Wyoming,1992,1933,2128,4161,20,4581,23,1.02,29
Wyoming,1993,2079,2214,4411,20,4697,26,0.99,30
Wyoming,1994,2241,2344,4683,21,4899,22,1.04,28
Wyoming,1995,2357,2492,4871,21,5149,21,1.08,23
Wyoming,1996,2609,2504,5353,18,5137,21,1.03,27
Wyoming,1997,2875,2612,5878,16,5340,21,1.03,26
Wyoming,1998,3113,2748,6348,15,5603,17,1.06,25
Wyoming,1999,3393,2931,6903,12,5963,14,1.06,27
Wyoming,2000,3846,3221,7791,11,6526,11,1.08,27
Wyoming,2001,3760,3588,7610,10,7262,9,1.09,27
Wyoming,2002,3438,3666,6906,12,7365,14,1.06,29
Wyoming,2003,3313,4226,6614,10,8437,7,1.16,22
Wyoming,2004,3542,4393,7020,9,8707,7,1.13,23
Wyoming,2005,4209,4782,8286,7,9414,8,1.11,23
District of Columbia,1981,2058,12442,3223,0,19485,0,6.08,0
District of Columbia,1982,2099,11089,3307,0,17467,0,5.28,0
District of Columbia,1983,2036,12115,3217,0,19143,0,5.80,0
District of Columbia,1984,2289,12866,3615,0,20321,0,5.54,0
District of Columbia,1985,2495,13613,3934,0,21463,0,5.39,0
District of Columbia,1986,2608,14436,4092,0,22650,0,5.47,0
District of Columbia,1987,2885,14530,4527,0,22801,0,5.05,0
District of Columbia,1988,3006,15257,4755,0,24139,0,5.12,0
District of Columbia,1989,3257,16162,5205,0,25829,0,5.03,0
District of Columbia,1990,3359,17686,5506,0,28992,0,5.30,0
District of Columbia,1991,3378,19610,5612,0,32576,0,5.77,0
District of Columbia,1992,3414,20341,5705,0,33993,0,5.87,0
District of Columbia,1993,3739,20718,6275,0,34770,0,5.46,0
District of Columbia,1994,4065,22061,6881,0,37344,0,5.40,0
District of Columbia,1995,4059,21912,6967,0,37604,0,5.39,0
District of Columbia,1996,4245,22678,7390,0,39480,0,5.38,0
District of Columbia,1997,4544,23125,7987,0,40649,0,5.18,0
District of Columbia,1998,4899,24041,8658,0,42486,0,5.05,0
District of Columbia,1999,5142,26232,9038,0,46105,0,5.25,0
District of Columbia,2000,5801,27418,10163,0,48031,0,4.90,0
District of Columbia,2001,5972,30953,10372,0,53759,0,5.28,0
District of Columbia,2002,5783,33500,9996,0,57906,0,5.74,0
District of Columbia,2003,5477,34750,9479,0,60138,0,6.18,0
District of Columbia,2004,5843,37630,10089,0,64974,0,6.28,0
District of Columbia,2005,6735,37859,11582,0,65109,0,5.55,0
